tempmax,tempmin,temp,feelslikemax,feelslikemin,feelslike,dew,humidity,precip,precipprob,precipcover,snow,snowdepth,windgust,windspeed,winddir,sealevelpressure,cloudcover,visibility,solarradiation,solarenergy,uvindex,severerisk,moonphase,month
8.46516129032258,3.3096774193548386,5.865806451612904,7.380645161290323,0.3580645161290323,3.759354838709678,3.412903225806452,85.1458064516129,2.6703032258064514,76.12903225806451,21.129548387096772,0.12903225806451613,0.2281045751633987,41.31354838709677,23.42516129032258,204.6374193548387,1015.7225806451613,74.65806451612903,16.49290322580645,53.903225806451616,4.647741935483871,2.5806451612903225,,0.46903225806451615,1.0
8.253571428571428,1.8678571428571429,4.935,6.260714285714286,-1.5857142857142856,2.1457142857142855,0.9085714285714286,76.81071428571428,1.5499285714285715,65.0,15.89342857142857,0.026785714285714284,0.018656716417910446,45.06214285714285,25.58857142857143,195.14642857142857,1016.6514285714287,60.92142857142857,16.775,100.74571428571429,8.7,4.135714285714286,,0.4671428571428572,2.0
11.237419354838709,4.29741935483871,7.534193548387097,10.072258064516129,1.5296774193548386,5.6,2.9664516129032257,74.6258064516129,1.7281032258064515,63.225806451612904,16.612903225806452,0.04838709677419355,0.06774193548387097,43.58516129032258,25.36774193548387,163.12451612903226,1006.1174193548388,69.28774193548388,16.88064516129032,143.70322580645163,12.375483870967741,5.32258064516129,,0.4664516129032258,3.0
15.126000000000001,6.807333333333333,10.856666666666667,14.690666666666665,4.994,9.802,5.3533333333333335,71.30866666666667,1.4773066666666668,58.0,14.556066666666666,0.0,0.0,43.791333333333334,24.67533333333333,196.54933333333335,1015.2426666666667,60.45133333333334,19.058,206.70533333333333,17.859333333333336,6.64,,0.4746666666666667,4.0
16.514193548387095,8.891612903225807,12.689677419354839,16.503870967741936,7.832258064516129,12.335483870967742,7.674838709677418,73.79677419354839,2.2955225806451613,72.25806451612904,18.81735483870968,0.0,0.0,41.62451612903226,23.963870967741936,242.85032258064518,1014.2812903225807,67.90645161290323,21.669032258064515,240.23548387096776,20.734193548387097,7.245161290322581,,0.49935483870967745,5.0
21.350666666666665,12.903333333333334,17.05,21.32133333333333,12.715333333333334,17.01,11.371333333333334,71.95933333333333,1.7750733333333335,56.666666666666664,12.222333333333333,0.0,0.0,40.455333333333336,23.614666666666665,192.66666666666666,1018.7326666666667,62.233333333333334,22.396,283.1,24.445333333333334,8.126666666666667,,0.47800000000000004,6.0
27.513548387096776,17.24,22.31032258064516,27.43741935483871,17.232258064516127,22.31741935483871,14.977419354838709,66.4025806451613,1.3830064516129033,43.87096774193548,6.371225806451613,0.0,0.0,38.096774193548384,20.938709677419354,153.96322580645162,1018.5432258064517,42.50322580645161,21.171612903225807,287.53354838709674,24.850967741935484,8.206451612903226,,0.5054838709677419,7.0
25.600645161290323,15.313548387096773,20.35290322580645,25.45548387096774,15.310967741935483,20.34,13.127096774193548,66.54,0.6498193548387097,47.74193548387097,6.613096774193548,0.0,0.0,36.243870967741934,20.506451612903227,233.96129032258065,1018.3722580645162,45.18,25.24967741935484,263.71096774193546,22.783870967741937,7.967741935483871,,0.49290322580645163,8.0
22.598,13.602666666666668,17.819333333333333,22.5,13.496666666666666,17.775333333333336,12.452666666666667,73.702,1.7948466666666665,64.66666666666667,13.638666666666666,0.0,0.0,35.776666666666664,20.13133333333333,204.698,1016.856,57.37266666666667,22.652,187.92733333333334,16.230666666666664,6.326666666666667,,0.49933333333333335,9.0
19.27806451612903,12.195483870967742,15.476129032258065,19.28451612903226,11.880645161290323,15.368387096774192,11.888387096774194,80.45032258064515,2.496516129032258,85.16129032258064,17.849548387096775,0.0,0.0,41.081935483870964,22.65741935483871,193.75806451612902,1015.3006451612904,67.06322580645161,20.18709677419355,114.33806451612904,9.869677419354838,4.567741935483871,,0.5264516129032257,10.0
11.722666666666667,6.39,9.037333333333333,10.744666666666667,4.314666666666667,7.531333333333333,5.833333333333333,81.192,2.8528000000000002,69.33333333333333,22.888933333333334,0.0,0.0,44.96933333333333,25.32,211.14600000000002,1018.6919999999999,74.12733333333334,19.774,68.05733333333333,5.860666666666667,3.1466666666666665,,0.49899999999999994,11.0
10.978709677419355,3.918064516129032,7.219354838709678,10.436774193548388,1.6458064516129032,5.730322580645161,4.452903225806452,83.39096774193548,3.4618129032258067,68.38709677419355,17.661806451612904,0.0,0.0,40.72838709677419,23.148387096774194,183.0883870967742,1021.0948387096774,61.11677419354839,16.802580645161292,54.30838709677419,4.672903225806452,2.6258064516129034,,0.5258064516129032,12.0
11.21483870967742,5.594838709677419,8.394193548387095,10.594193548387096,3.055483870967742,6.83483870967742,5.976129032258064,85.34064516129031,4.282412903225806,86.45161290322581,30.538000000000004,0.0,0.0,46.181935483870966,25.863870967741935,202.7025806451613,1008.3838709677419,76.85161290322581,18.176774193548386,49.42580645161291,4.252903225806452,2.445161290322581,,0.44387096774193546,1.0
11.729285714285714,5.369285714285715,8.37,10.965714285714286,2.277142857142857,6.255714285714285,4.916428571428571,79.7657142857143,4.585114285714285,84.28571428571429,28.898785714285715,0.0,0.0,55.735,32.205,211.1042857142857,1007.5550000000001,70.95214285714285,21.694285714285712,85.56785714285714,7.379285714285714,3.7142857142857144,,0.505,2.0
14.712903225806452,5.668387096774194,9.912258064516129,14.39806451612903,3.729032258064516,8.859354838709677,4.803870967741935,73.19677419354839,1.4713096774193548,49.03225806451613,11.34432258064516,0.0,0.0,39.99483870967742,22.89225806451613,190.2367741935484,1016.918064516129,53.13870967741936,17.741290322580646,159.26,13.729032258064516,5.7612903225806456,,0.43870967741935485,3.0
17.483333333333334,8.461333333333334,12.908666666666667,17.473333333333333,7.333333333333333,12.54,7.389333333333334,71.85266666666666,1.2280333333333333,59.333333333333336,11.667,0.0,0.0,39.20933333333333,22.675333333333334,192.0,1014.7433333333333,58.27533333333333,21.63,221.61799999999997,19.140666666666664,7.1066666666666665,,0.46699999999999997,4.0
18.820645161290322,9.987096774193548,14.386451612903226,18.811612903225807,9.246451612903225,14.18774193548387,8.861935483870967,71.84451612903226,1.7864387096774195,67.74193548387096,15.295870967741937,0.0,0.0,43.23806451612903,24.718709677419355,202.40967741935484,1016.7058064516128,58.81290322580645,23.386451612903226,262.22903225806454,22.63290322580645,7.774193548387097,,0.4403225806451613,5.0
24.112000000000002,13.908,19.110666666666667,24.012,13.839333333333334,19.082,12.061333333333334,66.44333333333333,1.3493266666666666,52.666666666666664,8.472333333333333,0.0,0.0,38.85733333333334,22.302,166.96733333333333,1017.4826666666667,48.715333333333334,24.252000000000002,300.31333333333333,25.933333333333334,8.353333333333333,,0.4713333333333333,6.0
25.118064516129035,15.798064516129031,20.453548387096774,25.155483870967743,15.77741935483871,20.463225806451614,14.600645161290322,71.74645161290323,1.5509870967741934,63.225806451612904,11.962451612903227,0.0,0.0,38.87741935483871,22.33483870967742,230.60451612903225,1015.8277419354838,55.980645161290326,23.515483870967742,278.8516129032258,24.089032258064517,8.038709677419355,,0.4770967741935484,7.0
23.047096774193548,14.32258064516129,18.580000000000002,23.098709677419357,14.251612903225807,18.585806451612903,13.35483870967742,73.78451612903226,2.7050774193548386,67.74193548387096,14.70464516129032,0.0,0.0,38.65806451612903,21.806451612903224,248.91806451612905,1015.203870967742,61.10064516129032,26.10322580645161,242.2535483870968,20.919999999999998,7.483870967741935,,0.46548387096774196,8.0
24.508666666666667,14.299333333333333,19.104666666666667,24.577333333333332,14.262,19.115333333333336,13.480666666666666,72.15066666666667,0.6131066666666666,58.0,6.1117333333333335,0.0,0.0,32.428666666666665,18.741333333333333,138.92333333333335,1016.8486666666666,45.36333333333334,18.75733333333333,193.35600000000002,16.700666666666667,6.44,,0.49100000000000005,9.0
20.273548387096774,11.79483870967742,15.636774193548385,20.293548387096774,11.387096774193548,15.556129032258063,12.054193548387097,80.54193548387097,1.7205354838709677,79.35483870967742,14.140129032258063,0.0,0.0,35.8316129032258,20.413548387096775,185.07935483870966,1016.054193548387,57.832903225806454,19.16,127.67354838709679,11.019354838709678,4.909677419354839,,0.4687096774193549,10.0
14.887333333333332,8.274666666666667,11.491333333333333,14.867999999999999,6.781333333333333,10.942,9.105333333333332,85.476,4.139653333333333,84.0,24.888866666666665,0.0,0.0,37.84466666666667,21.126,155.39399999999998,1008.4519999999999,68.88866666666667,18.355333333333334,63.34466666666667,5.464,2.9466666666666668,,0.4926666666666667,11.0
9.979354838709677,4.581935483870968,7.24,9.184516129032257,2.1916129032258063,5.559354838709678,4.355483870967742,82.67548387096775,1.8421225806451613,76.12903225806451,17.930387096774194,0.0,0.0,40.340645161290325,23.650322580645163,219.91096774193545,1023.0129032258064,71.20451612903226,15.563870967741936,47.887741935483874,4.129032258064516,2.3419354838709676,,0.5003225806451612,12.0
9.71225806451613,3.444516129032258,6.514193548387097,8.635483870967741,0.7180645161290322,4.630967741935484,3.6367741935483875,82.79612903225807,2.662361290322581,75.48387096774194,20.968129032258066,0.0,0.0,43.2,24.99225806451613,220.93741935483874,1020.2296774193549,73.10645161290323,17.06451612903226,56.354838709677416,4.863870967741935,2.6774193548387095,,0.482258064516129,1.0
9.154285714285713,2.3400000000000003,5.564285714285714,7.565714285714286,-0.7828571428571428,3.1,1.78,77.94142857142856,2.543457142857143,62.142857142857146,20.982142857142858,0.0,0.0,44.237857142857145,25.022142857142857,194.19785714285715,1017.5849999999999,66.76214285714286,16.857142857142858,93.09571428571428,8.042857142857143,3.892857142857143,,0.5085714285714286,2.0
13.098709677419354,5.747096774193548,9.238709677419354,12.712903225806452,3.7754838709677423,8.084516129032258,4.77483870967742,75.58451612903227,1.2437032258064515,58.064516129032256,13.709870967741937,0.0,0.0,41.93806451612903,24.699354838709677,195.38516129032257,1021.9716129032258,71.64064516129032,15.55741935483871,145.3264516129032,12.550967741935484,5.464516129032258,,0.4764516129032258,3.0
17.963333333333335,8.22,12.994,17.926666666666666,6.9013333333333335,12.479333333333335,6.263333333333334,67.09400000000001,1.2620666666666667,56.0,10.1114,0.0,0.0,38.55866666666667,22.524,172.33866666666665,1020.6733333333333,57.18866666666666,19.846,224.89399999999998,19.401333333333334,7.206666666666667,,0.4603333333333333,4.0
19.426451612903225,10.64258064516129,15.101290322580644,19.421935483870968,10.067741935483872,14.953548387096776,9.635483870967741,72.36451612903225,1.5118516129032258,56.12903225806452,11.720580645161291,0.0,0.0,41.7058064516129,23.830967741935485,246.8916129032258,1017.6303225806453,67.23483870967742,19.64516129032258,263.08903225806455,22.719354838709677,7.8,,0.4751612903225807,5.0
24.576,13.816,19.274666666666665,24.403333333333332,13.69,19.212666666666667,11.876666666666667,65.54599999999999,0.9047533333333333,42.666666666666664,6.583466666666666,0.0,0.0,38.654,21.955333333333336,207.19866666666667,1019.4073333333333,51.65266666666666,21.016000000000002,304.29533333333336,26.300666666666665,8.433333333333334,,0.4643333333333334,6.0
26.45806451612903,16.298709677419357,21.329677419354837,26.39225806451613,16.26451612903226,21.35225806451613,13.73225806451613,65.41612903225807,0.6769806451612903,52.903225806451616,7.796193548387097,0.0,0.0,39.62387096774194,22.894193548387097,226.8309677419355,1016.7432258064517,56.92709677419355,22.692258064516132,291.1909677419355,25.136774193548387,8.374193548387098,,0.4825806451612903,7.0
25.670967741935485,15.16709677419355,20.361290322580643,25.663225806451614,15.047741935483872,20.366451612903226,13.910967741935483,69.74000000000001,2.419464516129032,58.064516129032256,13.30683870967742,0.0,0.0,37.120000000000005,21.059354838709677,203.6541935483871,1015.358064516129,60.68516129032258,21.44516129032258,238.03806451612905,20.553548387096775,7.361290322580645,,0.47258064516129034,8.0
20.68733333333333,11.635333333333334,16.10333333333333,20.691333333333333,11.293999999999999,16.052,10.612666666666668,72.18866666666666,1.6991933333333333,62.0,10.250066666666667,0.0,0.0,38.346666666666664,21.898666666666667,193.81933333333333,1016.9626666666667,53.291333333333334,21.797333333333334,197.43333333333334,17.058,6.693333333333333,,0.4866666666666667,9.0
16.93741935483871,9.221290322580645,12.88516129032258,16.925806451612903,8.258709677419354,12.596129032258066,9.261290322580646,79.76967741935484,1.7559032258064518,65.80645161290323,12.580774193548386,0.0,0.0,34.97483870967742,20.294193548387096,151.88322580645163,1016.8070967741936,66.65935483870969,17.06193548387097,121.82903225806452,10.528387096774194,4.8,,0.5070967741935484,10.0
15.386000000000001,8.993333333333334,12.038,15.181333333333333,7.995333333333333,11.47,8.952666666666667,82.6,1.5804533333333335,78.0,18.028,0.0,0.0,41.285333333333334,23.607333333333333,219.13733333333332,1021.94,71.07733333333334,17.598,74.76133333333334,6.444,3.4,,0.487,11.0
13.768387096774193,7.618064516129032,10.524516129032257,13.711612903225808,6.134193548387096,9.906451612903226,7.86516129032258,84.22064516129032,1.0643225806451613,75.48387096774194,11.479032258064516,0.0,0.0,36.068387096774195,20.99290322580645,162.7025806451613,1025.9587096774194,75.87354838709678,15.549032258064516,52.99032258064516,4.583225806451613,2.6258064516129034,,0.5051612903225806,12.0
10.661290322580646,5.054838709677419,7.840645161290322,9.76516129032258,2.4535483870967743,6.107096774193549,5.2612903225806456,84.37935483870967,4.0361935483870965,80.64516129032258,25.833419354838707,0.0,0.0,44.81548387096774,24.74258064516129,200.20322580645163,1015.1548387096774,79.73935483870967,16.81935483870968,50.08258064516129,4.323225806451613,2.464516129032258,,0.5187096774193549,1.0
10.952413793103448,4.768965517241379,7.788275862068965,9.973103448275861,1.9627586206896552,5.906896551724138,4.1593103448275865,78.88137931034483,3.339537931034483,78.62068965517241,23.87937931034483,0.0,0.0,48.42206896551724,27.90896551724138,205.01379310344828,1014.5758620689655,74.59379310344828,19.360689655172415,90.16413793103447,7.773793103448276,3.7448275862068967,,0.4844827586206897,2.0
12.26774193548387,4.823225806451613,8.416774193548386,11.767096774193549,2.2303225806451614,6.675483870967742,3.607741935483871,73.46774193548387,2.5073612903225806,61.29032258064516,18.521612903225805,0.0,0.0,46.65419354838709,27.16193548387097,186.01548387096776,1015.1206451612904,67.86322580645161,16.61741935483871,153.45548387096773,13.228387096774194,5.664516129032258,,0.5135483870967742,3.0
15.308666666666667,6.756666666666667,10.97,15.2,5.108666666666666,10.198,5.2780000000000005,70.29266666666666,1.0094133333333333,78.66666666666667,14.6114,0.0,0.0,42.90266666666666,24.91,214.75866666666667,1013.6659999999999,66.438,22.997999999999998,216.15066666666667,18.67866666666667,6.966666666666667,,0.48600000000000004,4.0
19.518709677419356,10.566451612903226,15.044516129032258,19.505161290322583,9.991612903225807,14.908387096774195,9.283870967741935,71.30645161290323,2.5264967741935487,60.0,14.757870967741935,0.0,0.0,41.16967741935484,23.89483870967742,204.50774193548386,1014.2683870967742,69.36903225806452,19.596129032258066,250.58451612903224,21.6341935483871,7.529032258064516,,0.4835483870967742,5.0
22.107333333333333,14.307333333333332,18.13133333333333,22.109333333333336,14.234666666666666,18.121333333333332,13.22,75.24866666666667,1.3695799999999998,66.0,14.750133333333332,0.0,0.0,37.49733333333334,21.662000000000003,229.67600000000002,1016.1253333333333,75.24066666666667,17.8,265.426,22.920666666666666,7.68,,0.4903333333333333,6.0
25.56774193548387,15.93483870967742,20.717419354838707,25.50774193548387,15.899354838709678,20.70967741935484,13.538064516129033,66.57935483870968,0.2913096774193548,43.225806451612904,6.505935483870968,0.0,0.0,36.92645161290323,21.278709677419354,249.25612903225806,1019.1683870967743,58.274838709677425,24.02258064516129,299.46838709677417,25.85741935483871,8.425806451612903,,0.48870967741935484,7.0
26.83806451612903,15.853548387096776,21.190967741935484,26.608387096774194,15.782580645161291,21.136129032258065,13.474193548387097,65.07548387096774,0.45147096774193546,39.354838709677416,6.021741935483871,0.0,0.0,37.15419354838709,21.28,225.1574193548387,1019.8574193548387,49.13870967741936,22.401935483870968,264.26645161290327,22.831612903225807,7.961290322580645,,0.48000000000000004,8.0
24.378,14.696666666666667,19.231333333333332,24.268666666666668,14.687999999999999,19.209333333333333,13.336666666666666,71.562,1.3486466666666665,58.666666666666664,10.2782,0.0,0.0,35.358,20.418666666666667,217.60399999999998,1018.66,67.75933333333333,22.973333333333333,188.37266666666667,16.264,6.4,,0.48133333333333334,9.0
17.258709677419354,8.813548387096773,12.718709677419355,17.258709677419354,7.94258064516129,12.438709677419356,8.443870967741935,77.05419354838709,1.3783677419354838,63.87096774193548,11.129290322580644,0.0,0.0,33.774193548387096,19.20774193548387,147.55612903225807,1019.287741935484,65.55354838709677,19.745806451612903,130.29225806451612,11.262580645161291,5.096774193548387,,0.4487096774193548,10.0
12.768666666666666,6.384,9.527333333333333,12.386666666666667,4.5473333333333334,8.510666666666665,6.208666666666667,80.66266666666667,2.6083066666666666,78.0,21.33373333333333,0.0,0.0,40.222,22.623333333333335,189.04066666666665,1015.656,78.70866666666666,18.845333333333336,69.606,6.0040000000000004,3.14,,0.479,11.0
10.852903225806452,3.8632258064516125,7.038064516129033,10.355483870967742,1.8193548387096774,5.849032258064517,4.168387096774194,83.03225806451613,0.4554774193548387,58.064516129032256,8.172516129032259,0.0,0.0,27.98451612903226,16.423870967741934,145.1974193548387,1028.412258064516,71.34258064516129,12.024516129032257,57.78903225806451,4.966451612903225,2.806451612903226,,0.4780645161290322,12.0
7.91225806451613,1.1935483870967742,4.333548387096775,6.313548387096774,-1.8638709677419354,2.003225806451613,0.6916129032258065,78.55612903225807,0.9586967741935485,59.354838709677416,13.387483870967742,0.0,0.0,37.41290322580645,21.64774193548387,178.2993548387097,1023.6877419354839,65.76193548387097,15.401290322580644,62.91096774193549,5.419354838709677,2.890322580645161,,0.4935483870967742,1.0
12.321428571428571,5.49,8.694285714285714,11.815714285714286,3.132142857142857,7.284285714285714,4.977857142857142,78.98285714285714,1.947485714285714,72.14285714285714,17.024285714285714,0.0,0.0,44.495714285714286,25.747857142857143,201.75714285714287,1016.9728571428573,77.29857142857142,18.542142857142856,93.36857142857143,8.047857142857143,3.9642857142857144,,0.5121428571428571,2.0
15.310322580645161,7.32774193548387,11.132903225806452,15.193548387096774,5.561290322580645,10.343870967741935,6.674838709677418,76.08709677419355,2.0457806451612903,69.03225806451613,15.188516129032257,0.0,0.0,43.03032258064516,25.133548387096774,198.25225806451613,1017.787741935484,73.60967741935484,19.596774193548388,149.66,12.888387096774194,5.458064516129032,,0.48838709677419356,3.0
16.963333333333335,6.6306666666666665,11.844,16.941333333333333,5.1706666666666665,11.262,4.6433333333333335,64.85933333333332,0.71948,43.333333333333336,7.1113333333333335,0.0,0.0,39.89266666666666,22.683333333333334,181.30266666666668,1021.3580000000001,48.4,22.634,245.61266666666668,21.206666666666667,7.586666666666667,,0.482,4.0
21.529677419354837,11.387096774193548,16.491612903225807,21.45806451612903,10.759354838709678,16.308387096774194,10.33483870967742,69.78516129032259,1.766109677419355,60.645161290322584,12.607612903225807,0.0,0.0,39.51483870967742,22.8658064516129,186.94516129032257,1016.2716129032259,67.27935483870968,22.045806451612904,262.9393548387097,22.699354838709677,7.84516129032258,,0.4570967741935483,5.0
25.464,15.414666666666665,20.429333333333332,25.454666666666665,15.294666666666666,20.427333333333333,13.352666666666668,67.01533333333333,1.3743133333333333,47.333333333333336,9.7226,0.0,0.0,38.955999999999996,22.654666666666664,213.238,1015.6706666666668,58.554,21.107333333333333,291.738,25.204666666666665,8.206666666666667,,0.485,6.0
25.618064516129035,16.306451612903224,20.87741935483871,25.46,16.22193548387097,20.81935483870968,13.940645161290323,68.12903225806451,1.3944709677419356,52.903225806451616,10.10774193548387,0.0,0.0,40.170322580645156,23.343225806451613,223.06000000000003,1016.3554838709678,63.27225806451614,21.76516129032258,280.44774193548386,24.221290322580646,8.135483870967741,,0.46354838709677415,7.0
25.594193548387096,15.436129032258064,20.3458064516129,25.48967741935484,15.361935483870967,20.33483870967742,13.480645161290322,68.32645161290323,1.3614774193548387,54.193548387096776,9.677870967741935,0.0,0.0,36.60645161290323,20.87548387096774,221.86709677419356,1017.8309677419354,65.78516129032259,23.387096774193548,243.52967741935484,21.01483870967742,7.541935483870968,,0.45064516129032256,8.0
20.463333333333335,11.766666666666667,15.926666666666666,20.440666666666665,11.421333333333333,15.857999999999999,11.26,76.13866666666667,2.02228,76.0,17.888933333333334,0.0,0.0,39.576,22.142666666666667,246.16466666666665,1017.0793333333332,68.34533333333333,20.836666666666666,177.65866666666668,15.350666666666665,6.16,,0.47233333333333327,9.0
19.290967741935482,11.14967741935484,14.959354838709677,19.294838709677418,10.720645161290323,14.859354838709676,11.107096774193549,79.68258064516128,0.8887483870967742,73.54838709677419,12.554064516129033,0.0,0.0,35.77741935483871,20.767741935483873,204.60516129032257,1022.0019354838709,66.97677419354838,18.36967741935484,131.9283870967742,11.389032258064516,4.993548387096774,,0.45387096774193547,10.0
12.878,5.468,8.968,12.562,3.7486666666666664,7.943999999999999,5.49,80.26733333333334,1.57714,68.66666666666667,15.833666666666668,0.008333333333333333,0.005,38.556,21.73,228.346,1019.4986666666666,69.31266666666666,19.844666666666665,75.81933333333333,6.5440000000000005,3.3933333333333335,,0.4726666666666667,11.0
9.754838709677419,3.665161290322581,6.748387096774193,8.681935483870967,1.0451612903225806,4.876129032258064,4.283225806451613,84.94903225806452,3.2011870967741936,80.0,22.876645161290323,0.0,0.0032258064516129032,43.972258064516126,24.638709677419357,233.66322580645163,1019.4141935483872,76.69677419354839,17.919354838709676,44.83225806451613,3.858709677419355,2.2451612903225806,,0.48451612903225805,12.0
11.540645161290323,6.356774193548387,9.023225806451613,11.064516129032258,4.184516129032258,7.7058064516129035,6.545806451612903,85.47096774193548,3.363709677419355,81.29032258064517,26.478516129032258,0.0,0.0,49.60645161290323,27.953548387096774,209.29870967741934,1017.3167741935484,87.71290322580646,16.66,44.038709677419355,3.773548387096774,2.270967741935484,,0.5006451612903225,1.0
7.496428571428571,1.1335714285714285,4.225,5.154285714285715,-2.3042857142857143,1.2407142857142857,-0.125,75.24642857142857,1.5078571428571428,62.142857142857146,18.12514285714286,0.12678571428571428,0.347787610619469,42.92714285714286,24.254285714285714,190.8892857142857,1016.0185714285715,70.02,17.679285714285715,84.59,7.277142857142857,3.7642857142857142,,0.4785714285714286,2.0
12.080645161290322,5.204516129032259,8.444516129032259,11.434193548387096,2.530967741935484,6.705161290322581,4.412903225806452,77.46193548387097,2.5304451612903227,78.70967741935483,24.005548387096773,0.0,0.0,49.08322580645161,28.529032258064515,196.85612903225808,1003.2290322580645,82.80838709677418,21.238709677419354,116.80387096774193,10.070967741935483,4.780645161290322,,0.492258064516129,3.0
17.989333333333335,9.351333333333333,13.550666666666666,17.932000000000002,8.356666666666667,13.174666666666667,8.176,72.62333333333333,1.790506666666667,70.0,15.499933333333331,0.0,0.0,40.51933333333333,23.300666666666665,181.47666666666666,1012.1333333333333,74.31466666666667,20.902,176.00666666666666,15.216000000000001,6.373333333333333,,0.5083333333333333,4.0
20.928387096774195,11.381935483870969,15.950967741935484,20.93225806451613,10.803225806451612,15.770967741935484,10.700645161290321,73.37483870967742,1.5224903225806452,66.45161290322581,11.801225806451614,0.0,0.0,37.090967741935486,20.86774193548387,175.29548387096773,1016.1316129032258,66.22903225806452,17.173548387096776,210.82258064516128,18.20064516129032,7.2064516129032254,,0.4945161290322581,5.0
24.349333333333334,15.567333333333332,19.870666666666665,24.302,15.556000000000001,19.866,13.717333333333332,70.62066666666666,2.3867333333333334,58.666666666666664,11.527866666666666,0.0,0.0,36.717999999999996,20.66133333333333,154.12933333333334,1017.0853333333332,65.248,19.11866666666667,239.5126666666667,20.68133333333333,7.6,,0.47800000000000004,6.0
27.810322580645163,17.71483870967742,22.73032258064516,27.783870967741937,17.71483870967742,22.75032258064516,14.987096774193548,64.82709677419355,1.2796451612903226,46.45161290322581,7.473483870967742,0.0,0.0,36.372258064516124,20.45806451612903,191.44129032258064,1016.0722580645162,50.010322580645166,20.46709677419355,255.5232258064516,22.045806451612904,7.95483870967742,,0.5006451612903225,7.0
26.665161290322583,16.450322580645164,21.416129032258066,26.677419354838708,16.433548387096774,21.454193548387096,14.168387096774193,67.10258064516128,1.047574193548387,46.45161290322581,6.82825806451613,0.0,0.0,36.65870967741936,20.173548387096776,225.68774193548387,1018.0780645161291,58.943225806451615,23.725161290322582,217.0025806451613,18.728387096774195,7.361290322580645,,0.48774193548387096,8.0
24.102,13.34,18.503333333333334,24.046,13.116000000000001,18.448666666666668,11.957333333333333,68.78866666666666,0.22630666666666666,43.333333333333336,4.3892,0.0,0.0,35.08933333333333,20.810666666666666,182.47333333333333,1021.3693333333333,52.276666666666664,19.423333333333332,173.71266666666668,14.992,6.28,,0.4643333333333334,9.0
18.70774193548387,10.324516129032258,14.154838709677419,18.57741935483871,9.591612903225807,13.790322580645162,9.983870967741936,77.93225806451613,2.646232258064516,63.225806451612904,13.951806451612905,0.0,0.0,39.16451612903226,21.45225806451613,154.1374193548387,1016.9961290322581,65.98193548387097,18.960645161290323,129.40451612903226,11.152258064516129,4.283870967741936,,0.4916129032258065,10.0
13.347333333333333,6.994666666666667,9.904,13.008666666666667,5.371333333333333,8.987333333333332,7.404666666666667,85.33866666666667,3.5512133333333336,75.33333333333333,20.333333333333332,0.0,0.0,39.76866666666667,22.842666666666666,153.19133333333335,1013.4313333333334,78.20733333333334,16.715333333333334,67.58733333333333,5.841333333333334,2.8266666666666667,,0.46699999999999997,11.0
11.338064516129032,6.0767741935483865,8.621290322580645,10.943225806451613,4.127096774193548,7.461935483870967,6.585161290322581,87.64967741935484,2.5071096774193546,75.48387096774194,19.919612903225808,0.0,0.015873015873015872,40.510322580645166,22.767741935483873,200.42129032258063,1022.0251612903226,84.35548387096775,14.03225806451613,40.696774193548386,3.5051612903225804,2.0193548387096776,,0.4912903225806452,12.0
8.58,3.109032258064516,5.7709677419354835,7.028387096774194,0.24709677419354842,3.3967741935483873,2.4812903225806453,80.48903225806451,1.1470387096774193,63.87096774193548,15.645548387096774,0.03951612903225807,0.04112903225806452,42.61870967741935,24.206451612903226,228.7741935483871,1019.8509677419354,75.65161290322581,19.24451612903226,50.29548387096774,4.315483870967742,2.464516129032258,,0.5051612903225806,1.0
13.704285714285714,4.432142857142857,8.583571428571428,13.287142857142857,2.26,7.303571428571429,4.468571428571429,77.53928571428571,1.2794214285714285,58.57142857142857,12.172857142857143,0.0,0.0,36.638571428571424,21.29,189.4542857142857,1022.8942857142858,55.333571428571425,15.561428571428571,95.75428571428571,8.271428571428572,4.057142857142857,,0.44821428571428573,2.0
14.803225806451612,6.257419354838709,10.477419354838709,14.719354838709677,4.107096774193549,9.547741935483872,4.989677419354838,71.48451612903226,1.0695548387096774,58.70967741935484,12.849612903225808,0.0,0.0,48.70451612903226,28.143870967741936,195.5116129032258,1021.7387096774194,57.36903225806452,18.78451612903226,150.36516129032256,12.949677419354838,5.432258064516129,,0.4980645161290323,3.0
16.554666666666666,7.670666666666666,12.022666666666668,16.458,6.034,11.309333333333335,5.691333333333334,68.26733333333334,1.71566,62.666666666666664,15.028066666666668,0.0,0.0,43.478,24.40866666666667,159.89399999999998,1012.9159999999999,68.69,19.194,175.39333333333335,15.130666666666666,6.266666666666667,,0.501,4.0
18.774193548387096,9.660645161290324,14.228387096774194,18.77032258064516,8.95032258064516,14.02,7.927096774193549,68.82516129032258,1.5086580645161292,54.83870967741935,11.317612903225806,0.0,0.0,42.090322580645164,23.851612903225806,230.5316129032258,1016.7612903225806,67.22903225806452,20.491612903225807,216.18709677419355,18.64709677419355,7.038709677419355,,0.5309677419354839,5.0
24.266000000000002,14.359333333333334,19.212,24.48,14.236,19.292666666666666,12.838666666666667,69.85666666666667,1.5989733333333334,58.666666666666664,11.611466666666667,0.0,0.0,40.44733333333333,22.465333333333334,196.89600000000002,1015.19,63.69066666666667,20.72,241.55,20.85333333333333,7.613333333333333,,0.5046666666666667,6.0
27.862580645161287,17.151612903225807,22.44451612903226,27.750967741935483,17.151612903225807,22.478709677419353,13.91483870967742,62.2683870967742,0.6055354838709678,41.29032258064516,6.613032258064516,0.0,0.0,39.94903225806452,22.48,191.53612903225806,1015.734193548387,49.98193548387097,20.96,257.458064516129,22.22193548387097,8.058064516129033,,0.506774193548387,7.0
26.166451612903227,16.247741935483873,21.03290322580645,26.125806451612902,16.245806451612903,21.049677419354836,14.160000000000002,68.06,1.2111354838709678,48.38709677419355,8.602258064516128,0.0,0.0,37.9941935483871,21.309032258064516,220.89612903225807,1016.7735483870968,61.22838709677419,21.045161290322582,206.56451612903226,17.843870967741935,7.070967741935484,,0.4612903225806452,8.0
23.014666666666667,14.050666666666666,18.247999999999998,22.919333333333334,14.026666666666667,18.229333333333333,11.986,70.11933333333333,1.8492466666666667,57.333333333333336,12.472666666666667,0.0,0.0,41.99333333333333,23.758666666666667,211.92600000000002,1019.25,56.48,21.702666666666666,166.21866666666665,14.361333333333333,6.1,,0.45933333333333337,9.0
18.370322580645162,11.86516129032258,14.869032258064514,18.36709677419355,11.526451612903225,14.751612903225807,11.711612903225806,82.79032258064517,3.4210129032258063,84.51612903225806,23.27993548387097,0.0,0.0,43.31354838709677,24.110967741935482,193.43935483870968,1014.5058064516129,75.84516129032258,18.405806451612904,94.58387096774193,8.161290322580646,3.9870967741935486,,0.46483870967741936,10.0
12.104666666666667,6.770666666666667,9.333333333333334,11.696,4.866,8.116000000000001,6.898000000000001,85.432,5.341200000000001,89.33333333333333,32.94453333333333,0.0,0.0,48.022666666666666,25.762666666666668,216.11333333333334,1004.784,79.07133333333334,18.487333333333332,49.902,4.285333333333333,2.513333333333333,,0.4603333333333333,11.0
11.589032258064515,6.029032258064516,8.75741935483871,11.187096774193549,3.6670967741935483,7.464516129032258,6.089032258064516,84.12967741935483,3.214561290322581,74.19354838709677,22.070064516129033,0.0,0.0,49.193548387096776,27.506451612903227,186.09548387096774,1014.9548387096775,75.64645161290323,16.60322580645161,42.34129032258064,3.6490322580645165,2.238709677419355,,0.4625806451612903,12.0
11.137419354838709,5.205161290322581,8.115483870967742,10.40258064516129,2.669032258064516,6.54516129032258,5.487096774193549,84.14774193548386,1.833709677419355,69.03225806451613,17.580709677419357,0.0,0.0,43.178064516129034,24.465806451612902,172.70580645161291,1024.4774193548387,75.62451612903226,16.638064516129035,46.449677419354835,3.9845161290322584,2.329032258064516,,0.44580645161290317,1.0
13.204827586206896,6.2172413793103445,9.714482758620688,12.984137931034484,3.6917241379310344,8.364137931034483,6.076551724137931,79.31310344827585,2.5013724137931037,78.62068965517241,20.747172413793106,0.0,0.0,54.58965517241379,31.34068965517241,224.87034482758622,1020.676551724138,75.15586206896552,18.953793103448277,78.8144827586207,6.791034482758621,3.4689655172413794,,0.4744827586206896,2.0
13.590967741935483,5.863225806451613,9.681935483870967,13.143870967741934,3.2877419354838713,8.181290322580644,4.653548387096774,73.27032258064516,2.0021548387096773,58.70967741935484,14.194,0.0,0.0,47.10967741935484,27.434193548387096,172.4141935483871,1017.3309677419354,66.9858064516129,17.996774193548386,134.2225806451613,11.540645161290323,5.335483870967742,,0.4729032258064516,3.0
19.13,9.069333333333335,14.007333333333333,19.106,7.882666666666667,13.646,7.846000000000001,69.57199999999999,1.3875466666666667,52.666666666666664,12.0556,0.0,0.0,37.512,21.52133333333333,154.74133333333333,1015.6906666666667,59.44133333333334,17.669333333333334,184.85066666666665,15.956000000000001,6.653333333333333,,0.49366666666666664,4.0
21.738709677419354,11.676774193548388,16.886451612903226,21.662580645161288,10.999354838709678,16.677419354838708,9.705806451612904,65.70967741935483,1.7961612903225808,44.516129032258064,9.166967741935485,0.0,0.0,41.44903225806452,23.324516129032258,144.39354838709679,1018.9,57.84774193548387,21.190967741935484,242.7722580645161,20.961935483870967,7.812903225806451,,0.4732258064516129,5.0
22.406666666666666,13.451333333333334,17.990666666666666,22.320666666666668,13.154,17.924666666666667,12.178666666666667,71.34466666666667,2.1445066666666666,62.666666666666664,13.500133333333332,0.0,0.0,42.06466666666667,23.907999999999998,213.21866666666665,1014.0293333333333,65.012,20.648,245.31466666666665,21.19,7.6466666666666665,,0.4976666666666667,6.0
25.97290322580645,15.798709677419357,20.89032258064516,25.84774193548387,15.796129032258065,20.870322580645162,13.061290322580644,64.54193548387097,0.22066451612903223,43.87096774193548,5.242258064516129,0.0,0.0,38.96322580645161,22.13032258064516,229.4264516129032,1018.2651612903226,51.91741935483871,22.681935483870966,285.1941935483871,24.63032258064516,8.412903225806451,,0.4803225806451613,7.0
26.729032258064517,16.651612903225807,21.494838709677417,26.71677419354839,16.611612903225808,21.50258064516129,14.639999999999999,68.8258064516129,1.4650645161290323,57.41935483870968,11.129354838709677,0.0,0.0,41.888387096774196,22.98,229.47354838709677,1014.3122580645161,60.95483870967742,23.078709677419354,232.7251612903226,20.081935483870968,7.6,,0.5025806451612903,8.0
23.573333333333334,13.610666666666667,18.441333333333333,23.424666666666667,13.284666666666666,18.343999999999998,12.54,71.49933333333333,1.97902,55.333333333333336,11.083733333333333,0.0,0.0,37.446,20.697333333333333,213.46666666666667,1017.3893333333333,57.66533333333333,21.24266666666667,172.90933333333334,14.913333333333334,6.226666666666667,,0.4876666666666667,9.0
16.531612903225806,9.692258064516128,13.047096774193548,16.531612903225806,8.692903225806452,12.786451612903226,9.683870967741935,81.08129032258064,3.3226193548387095,79.35483870967742,24.677806451612902,0.0,0.0,47.28,26.637419354838713,215.2206451612903,1013.3625806451614,79.31290322580645,19.80193548387097,97.26774193548387,8.398064516129033,4.2,,0.4729032258064516,10.0
15.11,7.668666666666667,11.083333333333334,15.062666666666667,6.49,10.554666666666668,7.990666666666666,82.13133333333334,1.4039066666666669,70.66666666666667,11.416866666666666,0.0,0.0,36.53133333333333,21.102,162.92066666666665,1022.3406666666667,70.24333333333334,16.572000000000003,69.336,5.974,3.32,,0.48600000000000004,11.0
10.509677419354839,4.870967741935484,7.834193548387097,9.381935483870969,2.127741935483871,5.845806451612903,5.495483870967742,85.3741935483871,4.138096774193548,87.74193548387096,30.322645161290325,0.0,0.0,48.487741935483875,27.017419354838708,224.77870967741933,1008.5870967741936,84.31290322580645,18.372903225806454,39.527741935483874,3.3761290322580644,2.1354838709677417,,0.4683870967741935,12.0
